{"r":0.1968503937007874,"g":0.1889763779527559,"b":0.31496062992125984,"vibro":0}