{"r":0.25984251968503935,"g":0.12598425196850394,"b":0.1968503937007874,"vibro":0}